age,income,experience,spending_score
31.955544765245463,59914.88381572756,6.657755925300737,66.77777623465565
37.78157557742641,59559.03069939375,8.10720749878663,28.33478556444698
38.126118104311125,43452.28192843982,7.173819449277265,65.72118474833418
41.30841242090384,61038.91769958275,8.356012543776586,51.49413913222412
28.431991457034215,73793.94898186094,9.357549067866433,65.61186566296571
42.147970916931314,49709.21457107846,12.511463458994154,66.65397538532243
19.069258578780573,77581.79181260712,9.036522883882892,79.11872591678735
33.59080813345333,70853.29785301206,5.243122879691222,75.30180471431805
34.582083102839185,56189.20013634754,13.420203539485481,75.19857493915444
42.43328778249867,63301.64435194583,7.4887295991548815,76.65505478749358
38.15841596873808,84179.8616916924,9.823838718686114,59.37068477223919
28.161058623005992,73802.57376207039,11.339609520822135,55.4827763055526
31.105048119280895,65105.403858777776,10.59883125520835,68.09225624767501
39.390760066831845,62147.80019646819,13.282538642564425,65.98121427149533
37.44652860694811,65919.30884541992,11.437009430178277,50.3640064489261
33.946131232549774,58858.83730469236,7.4160712609086765,61.07235113212402
34.634163473416145,39743.00593137182,16.535686521974988,54.473552998231085
42.87317598011502,89506.13492641677,10.5830003900147,42.19100637309916
34.3761519899155,66863.89999039282,9.557979320135482,74.35691112064525
37.38336129179649,69777.76718147045,12.891776269166712,55.827988637951336
53.1895561165638,64305.107001477096,10.748352837790216,85.73062386548276
28.03422154181254,56178.59839130494,11.19768457881798,30.61761594700251
25.03710087897739,62768.90622861475,17.476551995802062,46.64831840734951
43.48512765359025,45807.26285366826,9.17463571523486,55.489582550363075
33.24949857094128,92325.03797663965,9.046717317947813,72.06071646443371
35.772337305801656,50185.85601893125,10.349735536037391,60.992040589032776
32.5319053530822,52616.404593833846,13.214547806743116,59.65709131271127
36.18139901462741,59716.88954736319,5.4803979094288024,38.091043111687796
49.18976678467439,80456.90869822854,4.103332325570484,37.64587904155793
43.61489921032683,65174.10799115185,8.238654188139558,59.83756990434857
44.03556458320884,50166.37044763445,5.098231122822138,34.538410092724625
28.086410609451484,80052.06032908807,8.725505957423085,47.021833745660075
29.941923844129917,73772.00752142578,11.50749908838787,62.51375993628786
18.12644938360201,71461.21948659743,7.3277534093432095,40.26513591584836
32.334334252420724,73588.81089405008,5.719520269655973,79.0803394354271
44.69692230469961,93732.34280698941,10.208011485146043,73.35904516356835
41.618625610238595,91221.13874043335,12.587630453845511,31.428700024925494
36.44940715933513,56759.41588396046,4.915079684450162,41.01443135227019
37.84389801397363,84486.61991373383,12.460697194917952,20.71334133257575
33.17780120197216,69598.0182771068,12.451918611214978,43.261129561778006
39.43331217681249,70989.14979365299,12.862255306469883,66.49582714858599
43.361147956364306,44692.75002028006,13.655440644615059,48.79157586587715
26.68879248812669,62955.37081534165,16.60604177397885,61.91195865423951
40.097533814861436,55246.11691596122,8.931723854142835,32.16498522577383
44.52704409668267,74936.70577871971,10.328714740233574,66.96962881872858
35.09429797725641,77852.96600483367,8.750684700255924,46.67336158107475
42.904904284844086,40106.16378780427,10.005930534267433,55.18254523424358
57.70258111130787,64735.58163194876,14.598620066908936,53.60688247910421
37.269600449091755,78462.33805753103,5.964956548207994,35.92677218661574
40.75314935003726,62759.85245223866,7.416850983503274,37.70373502390326
32.83360041437026,73748.76374002837,14.131542809513684,69.51691703505139
39.26875813821435,69213.98561152501,13.06010952070627,60.98488236252543
41.221901374876126,69099.92278343151,8.910605059548766,70.7507356233014
39.36389638189097,61744.22026318043,12.56320600336216,59.869873532537774
30.862132762038,50401.03035037148,11.0236475274761,57.14485952213825
39.44453239927815,51541.63823089967,14.500823827002964,29.109840719998502
48.23537157102346,73512.2301734638,10.223528781480319,50.944499548582456
41.14045035160169,65233.4990662266,13.076896341617747,54.58923519394384
44.73391032350288,63337.8530647133,17.92603573147786,84.29660797408862
36.340916209911605,59913.31949213177,11.7942974651424,65.30434948148016
43.249301675965974,61337.73385423098,10.147984497384531,78.04091772564293
39.954874867515684,77562.94153385767,12.167340955662938,63.963065588420925
31.343624892189375,60977.07101758368,8.904157425388345,44.33045159575781
40.22964703359212,48907.223440381174,17.163903116574197,56.75686324224777
31.05812335591783,73923.82130648207,10.540213113087944,58.543354693963494
33.56983807580646,62541.4800336234,9.18120003932346,40.912666453439776
39.32529815104662,65376.750386393316,7.492932984939891,49.23418935110618
40.08070991366087,84290.93967679412,13.291660574819314,51.91349509484242
29.6753727444601,64753.27331179391,12.601562238483217,79.08429748847678
45.37790039828013,68470.2040774247,8.50793688575772,23.788892119135326
42.00404394810331,50852.918104420096,11.729354035367269,73.08727631074065
33.06690095072381,62363.96657178848,5.474332095361431,40.94807147560926
27.236906424855775,72314.31254250322,10.554911725219469,34.41881219095579
36.985667946429984,46335.51519390509,11.358269056230084,72.69913195057697
34.87839400297188,67410.14111738851,15.121989428677669,65.97847103851572
38.79198319937116,66209.49287173768,7.687543591813932,73.81778053571784
35.45818337191103,65495.44946704927,6.1649421135930265,67.01052921318364
23.94780197478493,77445.90678389891,7.313716117224875,85.89767502606102
35.28157143189189,69013.26217818225,5.99029449905524,63.38085755416728
35.86066622252181,82736.86278027733,14.009972073276948,52.652839358152626
42.43562717341841,53076.92581287157,14.645917885072109,60.14389565982014
33.11260227772265,66631.09480662018,10.960649733846488,73.65203692518945
49.75072271360796,66013.60143667937,13.663884837055445,43.30937012109825
24.618516145437702,52168.94607493904,10.401875141740707,45.22167126202929
47.17817248461837,76475.54002509615,9.714665056897703,50.36559978103139
36.42976720385327,92896.07967023381,9.000887142838716,23.431258018520015
44.01709410640489,64795.92710619403,9.068827025867304,57.071176126263204
38.55861038841113,71060.2530592852,5.356595331072906,26.708069440734608
45.97688875217828,66014.22170978393,10.792764290822017,55.79588969398929
35.28846624813032,56436.98396111389,9.878998269357869,67.97934634202875
30.309657023755314,43150.87666637581,12.236082172233628,47.846853090342464
47.94353001089744,56530.71820285562,10.28057048931583,80.15673805280306
37.20563547882501,48296.49942857922,9.511888895292724,33.092486508722686
39.55090931536947,85449.22493670942,7.386420909977108,72.86891022447749
46.643263398313564,63618.68367292113,10.216459710465283,65.12705584610381
30.776313305338956,60848.96805143395,12.214711692448486,29.259501275339666
42.168436283474804,75669.84589745368,6.569983026748417,95.661914485608
33.870736704759764,51538.98676572934,10.262421261042217,54.04382071744051
37.0748145104894,55797.631543945376,10.699128854588452,41.837739667665524
38.505952757690025,65816.86723098345,7.845805649145207,33.893692078239745
27.49844696987145,77345.22789708177,8.236431085276,51.69972958510489
32.54814070025696,71020.22054202546,10.691832546298643,53.0888969141506
47.45751024689197,67979.90171019059,6.599736945122131,56.53968292809497
44.20333832009357,65937.4128228322,11.049771145748178,50.533057656640594
37.561522958709354,69802.8302663213,7.3139368790224,64.4983796517264
39.701864209590255,67419.83486155106,13.18856107909965,49.1855525100513
35.9403024605448,52640.33270267677,17.0134832361649,25.975538241392936
47.49608370079588,65552.95065959782,7.417729594894541,52.759577565255384
36.59753195544085,52115.73609298697,11.602623587124024,19.487835199400827
39.62289464494393,65972.99051480989,7.819774285353942,60.306559463370846
46.022211008994454,59232.2247021411,13.122862521393369,40.31049654576047
32.55839960607865,95472.57947339433,6.204224772744355,57.45040532373701
48.91152429147826,64521.267394979455,11.441760275283137,74.71112472286906
27.286770131796363,48149.12520486093,7.381033099331942,40.76876957098
49.40749491778959,63389.837471876905,9.379046232704894,70.91884387768177
35.391270912336175,71232.30494765466,6.906924174558079,48.4991564997077
36.30110876522303,85080.36735383028,12.467051412687262,81.29792203098378
24.769928801719402,57926.57120073538,7.489058936681239,49.5227108020268
34.81643697835615,46010.864311716316,11.655892777995483,42.39260521739963
30.72135428281181,74802.04413717178,8.967705915213001,65.30857675592932
33.74647558238569,48432.815529204185,9.656582884603411,48.46315405564546
37.03882323947784,59766.13470191018,10.443267722200385,42.37825728806487
44.70454130131034,61908.55417386807,7.714525985023454,47.832402239443134
39.45322345980438,64164.3985603987,10.63110134062266,54.33090201725498
40.1537365738078,73269.97348489202,14.591003693063232,75.13270196867282
30.331364278081065,56796.38861256334,7.665715642501857,25.988683818106345
31.83472137278089,61715.248973998874,13.515430429821535,55.34620988425631
50.59107512845918,64828.75576460734,14.494292900463353,64.37355391981065
32.85359275665727,66795.17549022546,7.551535032915869,57.90172862487694
49.593457764401066,66173.92609649507,5.634836184728345,74.64797754150301
36.298571607833935,70232.06930267096,10.905882700515294,53.884820053622136
38.01601555300453,75126.07411570085,8.35777743169938,52.23172836721082
45.49255612160951,69711.60938781162,15.605809657489008,63.88494320520015
46.903246953570594,70443.02628211062,10.104422621499497,56.48970722427025
37.22431207804639,46013.321999042266,7.5934017758944625,49.14386892579294
35.28229862534923,65602.73238998816,6.558521466964866,62.742160593795695
37.60855686034451,70754.0905760193,13.269714877272492,45.21207560175032
40.365702697624826,73747.2943348454,8.28644807774744,45.83234271971009
44.23912580808829,56691.790709194465,10.131486398381284,47.08008967351579
38.029609012959064,57091.52870133626,12.867408235337443,75.29603740249611
42.33220408616208,58110.79189659682,8.54722494420751,6.6847546602142955
49.46851812589659,71436.96679869611,9.862213513779517,60.933982521444136
40.66916728585349,77406.57265909051,9.95029477053244,55.51407721300333
40.181569992033445,60110.47871250078,12.049973534548275,29.786943111428197
27.367624224369525,75895.54776352459,11.772233006530978,59.64590168704003
19.584889042196558,66481.75770997514,9.339658806235514,62.13627987747298
40.71863010461118,63508.57067405077,10.190947184489554,63.844588470361
37.33623038103389,62463.38924218437,8.884662965429534,15.222579054325763
34.396521275596804,73959.33637522589,5.567162779241666,75.49584117781657
39.70471142930441,68906.93380144484,10.772802572194388,43.933949429727384
37.57717389562164,92309.90513177165,15.676575282499204,65.29851620129764
45.89446175443729,54773.304284032114,7.348842577926812,66.11610671023429
38.60277607781285,71217.22042435971,7.680910871191891,41.84954371571061
32.77153700450883,58649.58788226185,7.387816685068776,64.90689928527325
44.93116367271502,54568.55615613627,12.173775336169367,49.21760138631463
36.480082475376584,64869.59435558033,11.34545636258932,23.92934230992764
41.68575678570615,66648.22975288444,9.52438692275063,72.51612888291669
34.6581250566504,100018.08266072112,7.245942815083105,43.3743255547564
33.45121180151794,62790.25021180158,10.277130374919773,42.18259805892919
38.589177611299874,51437.8552461838,5.306133617992587,48.95401197944917
38.089800504805794,68276.12860993262,10.43027970057248,59.083550879910824
41.35878924756783,40104.31954944358,12.614573158263802,54.140943837668466
36.119479726831806,63896.51860874881,6.246402590098967,63.22100387060756
25.14548151360722,65192.30338754193,5.402445169511009,34.90765950207012
34.97058281488128,74535.20459534254,14.738313675084578,43.86420444353898
43.55672927000671,76683.46699313416,8.164721081486245,53.26004391517699
35.91836744529826,58957.16457310739,13.407843537831466,83.46830938988059
36.275316182398164,63192.6318244408,9.538007004406506,53.29281192379363
44.90463554134156,55806.55003267195,9.514135549176018,71.27833395492448
33.01618740918754,51463.249342307674,11.315238098489935,55.578327531764764
27.200377472299703,68718.73735256761,7.348003429760678,47.74512043843647
36.87558216332154,49716.97341684081,10.397491430486937,51.299133638283394
34.61078234125884,60024.477193137645,8.855531755527721,52.473704319566785
31.23627576172722,53057.91248120915,6.038519669784906,64.05468608441107
36.77235080870916,71596.19823548311,11.012446224179197,75.61916901364832
41.440539530727484,86617.16119119785,9.210076579366252,60.39521271529482
37.934980069025286,49380.94420636003,9.528925514665877,72.80616518112633
40.14886750880366,42763.77820522917,6.369517169757526,40.52815393555471
50.693853889607965,63501.35737579919,14.774201103288412,48.78054236778954
35.59984796909705,65188.3735514931,12.630142559158347,44.135461986885
39.948440442512684,67623.91168108757,12.892467652515936,59.71666886312279
34.43550646180606,59644.153817187864,9.083665892674954,49.615624222308796
32.07548196079119,62592.328414094816,4.812451331489739,65.94659405551293
33.90564642607561,69410.12492648723,15.858752147468532,41.034974325513375
34.64868999934818,77485.17071173807,9.816707475982396,55.64546459981922
40.51633058282988,41539.4147561806,7.753600611939839,65.30286866518384
54.443530506905304,60572.72673162245,11.250404723449341,24.020458374390845
32.98769594606912,67565.70552729275,13.501362364009893,86.82446960995304
35.08362286069176,53984.28674467117,9.9308483317436,50.752721726801866
37.55813890822126,85774.0355812076,13.835725503818123,24.624401294857407
40.77059194096823,57375.081437255154,13.248999815550604,57.37140847865179
39.8448556836835,64504.4877559126,6.7708564377938245,55.501652019597266
46.98867055763682,71672.26516210749,7.978629683021571,53.771584306412606
21.015255506253542,57904.58253437727,12.872611489839302,69.8678666939
21.29149090863029,42841.123426346996,1.8621623085686867,66.21167457140584
34.528852795928955,59856.1456770016,9.551632920505034,59.46814286535768
45.681101312805964,77353.28667112449,5.707506395125985,61.75233450919971
27.040463778760824,60957.25847857834,8.570338595699425,53.4346232584287
16.9465736221437,54842.78838249226,9.103539732912388,81.63236273860073
41.99825584353446,76108.06651403266,8.925266866277475,32.8120597246335
39.705600565919,61030.701247723366,8.343216243662175,57.09477511323845
30.368541152403992,58878.070236197396,6.708569051113558,55.975369467831705
31.10122279495349,66793.47307595972,16.875733800456057,67.1992060909689
31.21179396255728,74249.00251542545,15.602386012484052,42.34219183862651
38.77374722231758,93580.56238079055,6.5138025392311505,28.84491096405196
33.61579306671895,74926.83329188908,14.746350253910702,57.3523452414729
41.458447432828635,78918.07959666013,8.801603528581442,59.21845738327906
18.017613359669262,58928.40561214574,10.387562419995131,77.34399114171474
32.002036944105406,52689.58272836628,9.810178120309253,35.94456930512371
30.117622273622647,65747.97619542948,8.020754076238102,72.3204065007508
36.20561525139256,66286.03898311516,12.95155703081844,90.51121546040682
34.23366569056903,52057.84710362484,10.377659591729973,49.333526687162845
43.584906459270364,62896.465641151844,8.570345730342275,35.635866707601636
24.984642598379597,69791.81122062958,6.0862316685985824,48.89538450439943
38.31844033431526,69324.72074021696,7.319214958842639,55.21007451057071
41.90835496248194,71051.45424061127,5.075859653193709,63.45681812510372
50.996532055933685,68491.57676164931,10.036670645245508,46.12907905242929
34.62763820234567,58915.89608875933,6.410003223146813,78.32797801221014
40.27121023046762,58833.19248021388,9.203318462444376,38.28201527487907
25.372960452063445,50612.58322407349,14.110305560831112,28.911922717408
21.256306569808835,86417.30047022115,13.597898718764757,71.60065636430976
43.9134206304719,65161.40437543151,9.903169317692146,20.880684531907008
37.961077944463504,62301.76333046178,9.73874582157055,51.93805346690926
46.24958882858896,53854.495022570496,15.639623648263024,101.76521693812072
28.38617977721176,100227.89482793334,11.562268361076134,54.81934670560103
41.639314976701264,52120.063613325256,9.016580620370432,38.18848523955626
51.08172488380697,59853.82489272712,5.721945648638644,54.13903804319809
40.93793925850086,69990.04203543272,11.181619654494229,54.237988170707
39.93607053913734,72202.55558893134,12.487971317748588,57.40974910529675
38.05989256577045,76495.1846625882,8.105045426459068,64.9339447323943
27.003829800118616,86691.30209323116,10.873608265414097,39.41333247448391
47.489010549972434,71073.89186552855,8.909280115254912,80.3132208285519
33.72399652136454,52327.63040039999,9.447902802402991,58.67671426558927
41.53138279468112,61916.65849853862,2.536533827313006,65.90191069602706
27.058759854001224,68693.98847016662,9.334655788851594,45.57775900366536
29.743782348445535,89818.71249806989,12.908107907224164,74.295732054933
48.04561179455565,48226.334258908435,8.105792333300325,51.14421386780403
35.5688839772951,79430.91806270272,10.157579104645949,59.163287702402975
48.172928332297815,67158.972434557,7.732147879924239,41.00340884219336
37.45238538659038,75053.96642275377,11.081325028878318,40.0460256039681
25.106715589295,63776.06340036882,9.35043040739148,65.32307959679324
44.244473198122044,54890.808438484084,7.18227537795398,48.34589754688921
33.870753775710746,74010.47335281598,13.997654402995384,42.192653687434344
42.890821694619305,72853.17232526746,12.786796040596645,45.352249869594544
38.176476072780574,76664.68358887667,8.185279708215475,65.48429607576132
27.198172404399905,64840.34437545638,11.493364928253332,45.56443208194584
39.150063357593986,57802.13572016181,11.612236008461142,53.23517602596754
53.37356199506959,46294.5560597139,11.926903705033528,55.22541625430645
41.45090520960122,74832.47921767288,4.917232312014766,26.239766709845515
37.59737572896176,70086.67378932783,13.019819623097884,32.933103919397226
45.527403813698285,53410.60840563249,8.290903111222805,60.04416833871344
39.47467925642177,58537.11592044051,8.926516199676199,43.944559582709545
39.46673961183956,59398.89425658272,17.9136452567806,70.85087366920628
30.35862379488628,47204.18681621098,10.905620142163036,69.50210656375816
39.63693618052719,55187.811240738396,8.841032573658474,65.78752999533155
45.248103914918616,51394.03571832375,3.3841168817322824,82.29657680968896
32.147564935299826,60050.25185734476,14.169292401839066,53.75366008385225
47.971470748728635,56135.630020045246,5.964370987574192,64.73322888855759
37.358057830984116,45475.94094959901,6.98968328950149,46.23398535105953
31.785613419230216,89271.08276683377,9.005943102736452,91.78554869303085
44.98342453844171,80030.48877235077,14.249235375100877,84.7545047865403
35.992440349832115,55651.76694176017,12.319719959997277,55.17820651776688
43.31660421240275,68269.05675984331,9.52648747047922,60.79879344857788
35.95768957419024,70009.58107785555,10.924876190916462,75.38946399047208
37.581216995290674,79293.03025728172,8.198842921386683,52.79290742778839
41.45492143034004,55176.73968007906,10.418961068696053,45.15063893800443
40.03627940313004,78105.28140778911,10.22001023433441,68.10984626510324
24.03127753683783,58425.136349516775,12.906309687044061,56.17658869125505
30.15129381933926,48969.65114997664,12.901534367316849,57.7449167446789
44.50586989353571,73689.63871177397,11.481932146616934,42.48592985398052
37.07504387768917,80489.10108946914,8.912957327361694,29.234917774549054
34.33388088060005,96054.90768236821,12.22546688317038,58.542136148186515
28.48998189319768,50603.29681891744,9.72409460139086,68.57443062241299
30.44184575106906,73387.03622096947,6.754256893860601,51.61289876385937
23.847409520266368,60082.38507447761,8.790136624267184,76.546442793383
37.29103496908927,74400.30452628838,10.253580951352973,44.44125511876683
33.81093693593267,47354.125385224994,12.730647350994236,39.1794331755112
31.233884763102793,49846.76269161723,9.44941548352854,53.99154539205803
37.52313602382433,55689.502122002195,6.372403866281182,53.76111136973064
40.547794415969165,65947.56854801702,10.170225049890458,66.54953097002834
52.65238552546961,57307.02480153974,10.340368120169657,43.37555763904023
27.416816063057503,72908.65212696104,10.55751288670826,75.52141355222346
46.115667303103656,77322.73541909497,12.75961454786329,84.5037544376238
44.8117109271055,72194.93049494427,13.056769720269696,54.41283959547487
32.546350824363095,84425.45167593041,8.217367382855,73.74565630276479
39.42265168210222,69989.91955346412,8.15156962585317,39.1525439406211
34.79656725463669,50397.239475917995,6.879403867133581,71.12832311772874
39.299820062931175,81360.51816246008,12.096447010841429,70.70914612839194
48.563917093831854,57738.12517272803,14.346460325013147,67.95155920284819
42.23924362841919,75925.02199622685,9.05475421627323,54.76655366694559
41.560258612634094,83884.81059866128,9.27570830582502,10.686265881369529
34.987834760317504,70480.25612876478,14.400347670696927,45.37409284521806
27.61160334552965,47046.094242024206,11.516673559645023,45.61125973473097
36.540722526217145,53981.4540018825,11.308707114403166,40.32617592909284
46.4462570840474,80872.93360262163,6.427250482078819,56.833645068205996
27.30982500387247,62970.5277722862,12.036184207838257,48.71554831718148
30.614374422763134,65954.88241930598,7.212590978470725,42.63081985352467
38.88387415363848,74105.89299396331,6.597939442195125,39.11799777628271
31.107416506069164,73355.87434496389,8.959685269699863,44.26730521772157
32.45233587019351,68345.59774862553,8.24262182965393,71.82248817774892
35.03480992790276,62495.97954535441,9.335200916844881,45.08462418058759
28.440678170668953,61247.97865121171,5.677055096425244,47.275919403500914
31.181147076485423,75294.78590349611,12.876448919403018,48.149535774651305
42.923995417511165,71642.83437281352,13.383058883549287,60.084902707141296
28.848411524383252,61912.39999258652,4.157972577577557,61.84374232792799
26.814895058536138,77985.34775591768,12.935373416999651,9.330151911352573
33.58982514326274,63451.59061844259,7.568414110535121,70.32452820741412
43.12368851756892,54780.05390798728,12.570926610948359,76.54552051365631
36.62154734402177,55892.35161315986,9.794660522000752,39.24720193957496
34.74793245319067,53255.109964282805,10.086326692242995,40.41552632897748
38.31051158260925,61731.07980075575,9.444707051736344,48.24619918332593
25.780047969982434,79804.69134003432,13.636387612700458,43.65993970815093
41.46293957642523,55338.857827633896,6.281235962424915,58.3589031091991
40.68404521982551,67261.70913221723,11.823521016205026,25.802120704617035
35.13484068132995,57119.72785247104,13.303990494668652,38.231085879448905
45.041471582574914,61876.29150474275,12.149020241621232,78.08795800262361
30.10752730732873,46879.50545617697,16.974096742970254,41.07670048977973
45.89536295277498,62353.541250121554,8.413159711825903,73.65142417154388
39.08145565916676,62675.53544234046,12.871914467780593,60.33007293385205
35.64413187085279,71483.45532842835,9.681728093975739,27.86098428117613
37.86088455242182,67679.37095906444,13.70021822905801,64.5299379282431
37.249146639323406,50619.29450057546,9.976933012835891,53.2349904671072
46.541980274924015,78010.3789285225,8.83637265441259,48.16799415625389
30.463246107702908,67523.63648266395,13.918216611614888,58.674356397580055
32.66236532597381,67380.72220612984,8.52531418294321,62.11950228350188
45.254120244507355,64889.81175937833,5.761822723298332,65.6138773296193
33.831255453712984,58786.91063333336,8.449459350478515,72.67379271322004
44.30373154132114,67613.6280769847,11.857098839765598,61.12203869167534
49.89605188106097,70707.06123114299,14.176116254761274,34.36548866820458
35.187434811408565,44037.25170385334,10.333388125889536,47.89531813523213
42.76953628602714,58534.86995184685,13.954591201702076,99.14572502902932
29.92415403062099,61940.63635515693,5.92547523556722,65.86736590572592
43.28313308647466,68074.04726833134,8.67020960554629,90.53930951217245
39.39596790190737,79319.73207112552,9.134274648537696,75.93151123298779
41.31126797512151,55739.110224838616,9.656321717582442,58.62703107333623
33.48099549575223,59024.457838185896,10.25228316475059,59.52110604671676
26.37241609102979,58849.5906722414,12.072732872176578,54.451299401847315
41.52276445324653,55381.668918745505,8.665579485488529,28.932930762302508
23.55617793264382,60833.76205865285,10.417086060859377,55.270708787023366
35.77854655430226,74249.62663985565,9.864631329027844,73.16011828813296
44.588273064939784,52353.974055627856,7.2223302883265506,46.00540007768194
39.343284151111256,70133.77274183484,9.658999932755695,61.17929498592714
51.63839851352869,44577.17323977998,9.569021410308645,67.77386568839796
45.17576406807241,58263.94404269353,9.504758304990862,41.354793410312865
33.422711281720964,61046.128397384164,10.095278369744353,48.23045703484503
38.191193658960074,85098.31607496878,10.227020621840158,39.731327642842615
37.66840508218895,61702.37234296774,8.703114462678009,42.667515899658895
26.92476265657711,38585.07831858898,13.818144201913794,35.685920745204086
31.41720758460953,41013.333117665,6.49155811239095,41.4932730793296
34.07467365114098,65408.355036160174,7.837089674590311,76.2918352119676
23.746456480008444,72365.2502694789,18.33989087267067,41.26784456364561
38.3324542777615,69505.47029152703,6.88602593503231,56.89688828591035
36.25649708742871,67010.84126961189,5.938735975870724,47.45696869493566
26.289742690818983,78947.115170068,12.203430235003653,72.68298905555409
40.829490056941324,58524.90535115442,3.7686404386783785,74.66743444905424
43.011109212836715,75738.9266723219,9.294178270082684,67.9610497320842
39.58924135205422,45415.821379682995,16.437474775229465,59.592018296541326
35.73152277353721,54140.6260047432,5.365192233539799,51.53410694738652
42.140095062262986,43315.50326081821,4.05410654278386,37.121879437131255
42.761542523336836,61701.856391962494,5.502456394126906,84.15293321683296
40.151824988037816,64444.86539280389,12.695078705040956,43.6049047337117
32.22771424695667,66369.21790671824,13.374330159957438,64.95469520549263
39.93620535857826,65742.60023464562,8.462233609064473,70.89348358935096
46.368364555778356,53869.36003025927,12.049637212003207,46.67079254642006
33.82359658971789,62717.109867041414,14.170765982535968,70.57018790973943
52.68557537392702,47030.63997673102,15.362039243289477,66.46319805008284
34.320583462102306,81358.74770158701,9.260994156460455,80.91945753072648
38.226849093380956,61356.48712522399,3.0955848469900396,47.95980300359933
33.292600827955646,59133.36657147571,7.5373632327709394,35.71203974080427
39.56289585144182,84067.28394132899,8.719587415194226,47.417653668332335
25.804448151553075,50093.04159740925,9.223183610264828,58.13280313801498
34.17770740828295,51492.95463161637,9.43642179697384,55.873190906275845
30.35515159756003,51845.35610157722,13.356683793792008,49.098431555881746
38.947368435246034,64185.54341960622,13.823285280062745,26.362038115341356
44.96113162856235,70179.57955565117,9.48497903822565,62.057244941936595
42.52204330980186,73876.10561741401,13.295454628155456,84.58516718623301
21.398384473987754,95863.94380993962,11.072984099893269,61.96376857184505
52.294487570495164,38006.81054959084,10.193517918587716,64.1370327858027
40.06695958434608,72304.82706949301,12.719632471329891,63.586679592326526
32.564506016549,58314.43312913323,10.216756144713747,60.955700048236
39.099895432936584,57963.01821333472,16.173433531293288,68.97498950302142
39.23332875751885,57562.73446095347,5.684766499616322,60.930605217784986
33.33205898133905,54094.76395030432,8.454487302723948,50.30984245520086
39.38541667139453,85214.29801524142,9.62044330913815,43.06016634986869
33.74769398665785,75107.56792416683,11.318358071373972,51.26539517078987
35.16946605116984,65278.3517426885,13.803881461309267,59.71194244675999
33.19604604971441,81212.18902984401,9.92680429829153,50.2587555831554
27.97130097182243,46849.65241641349,5.733311051481378,59.71508024697145
39.02085529150769,49031.538424028884,12.527541689365012,61.587252005506265
42.097096055614365,38864.38721366375,12.264876298425893,67.49769146905273
41.604185172534606,56607.025518520546,4.174424021861782,74.2419245325847
43.73947676844664,66940.38232045704,9.988587598987602,56.17011127718286
40.27038147010408,66234.30293518801,5.229574507959106,35.38335152278509
34.27092151248168,66792.10293271857,8.006046707493812,49.82343854771215
43.87764705101832,48067.31802720702,7.2915732191116005,55.66093851109899
28.497377221106454,74637.85691136826,12.427794094725957,27.463468657343647
31.69530032241264,67875.53021886798,10.350490522516552,75.82996780153724
31.25059950003729,73796.65137759197,6.143226997731917,57.135668687656995
45.56039241397517,42286.85386891938,12.640197888872027,60.72029251870428
44.59951959898053,68737.89030557348,5.698582528214757,75.48289693789398
41.41113665931496,50746.817120989675,10.99034137141283,45.547857547864794
45.50350905648258,60232.12096938366,7.557967992125333,63.61062896326045
31.845020523116084,71412.3787836366,8.90296875240844,53.352038153470964
40.44016583902686,66093.12327507096,11.512812244115151,52.238696994761206
37.12377900131785,54781.52024264817,11.564348197178587,43.41711418293431
43.928174727194396,65075.27787421302,14.010907220667882,79.98404820529791
37.193430372134614,46621.57621707628,9.753238900985641,49.367499398866435
35.30539978112943,78803.20875077955,10.919352588890021,65.49196370343553
41.78635962992693,62536.591766044985,8.686788032787026,26.874889187920953
44.13318417033863,78422.59933106392,10.545969647868393,72.6998279453468
33.32158363607239,58681.61975484748,11.318458144025534,70.78316733935588
37.57247030053337,58717.088139121006,9.705070457636872,56.46151165445954
30.590915564508432,55829.75856034584,4.588748547722512,51.595863007931136
20.513572877549425,75514.0871803169,10.994412688992686,61.00000008420349
39.4032174198961,56486.82611205829,11.093684432066372,89.33185991320434
42.262337493782425,72735.14518898212,7.959479570956147,28.551449516447722
39.83446766360708,60410.57122796852,6.1468388917824575,66.73041081361191
24.35306797571943,41288.44040130056,14.427637451511895,41.32574046769146
35.54405398946468,58156.23118656241,11.474336532683207,54.701224055504035
22.47156567964243,50850.70142764582,9.31275690723487,51.28179821382005
47.587907753579294,65406.83268418805,6.588901350557538,48.57522613303367
30.3976179251734,50715.107171906115,7.534555514735962,54.84302306420906
46.78782526621927,76111.7012085754,13.907771190358694,37.98743282083314
44.62108750578902,63907.08967576367,10.412985822604139,70.43770654191951
31.69586753224757,62868.84806289513,8.34823879899788,28.087847332020996
30.070505341125784,72870.70565345099,11.52906769367397,63.09646769242513
40.452591514704366,76566.88320891035,7.556805437661029,50.10196221198143
32.0897317397185,64758.81497876418,14.502529090841135,37.43612659288819
38.717392495107454,55745.59640540851,14.058401604690175,58.035750558980425
34.62020686435157,43712.364606654446,8.60027778639167,31.64573369940283
25.531891098740566,56767.40291557784,8.113989258907418,55.59570732579452
22.386723866128786,57593.45304022446,2.1456004039231606,33.656846382826686
39.58678973946218,66284.68943590757,5.555257685345896,61.91908126476747
34.069095775685625,60858.23742634367,5.981590675126731,41.13463999554437
34.128371281601076,73255.19566461713,10.405571022962157,48.235089744560355
42.871046873656496,57644.200744751724,9.021298886675922,59.409240819147435
46.214095936427114,64315.505997764696,5.963993537754275,43.41186832236646
36.09218695046734,79207.84931836267,9.156507872606328,54.130540004975465
35.61580905163097,69101.90256745959,11.516011442942045,32.292542481327196
41.50100123179719,64279.54949973722,11.583518049746761,64.46313405394233
28.501451012102972,57776.66669677787,4.3009891574233565,81.47370708326157
39.56207138323388,57401.22323942027,9.615209558548507,96.88313301864942
41.86320180275508,54792.640964576625,5.849977669085169,56.367522199996586
42.761611458923404,58507.917610605204,12.705186091420822,66.8230621119578
24.442731082482744,74067.99006493177,12.352439249060495,28.290614906387663
32.670513111337414,62337.34074449277,7.305918321026625,77.54101489458382
31.852157230235733,48802.723167425225,7.7018643927988,66.64342757086159
38.699208680864494,86218.0315167174,8.616198848505078,47.7409983257315
41.36521205837589,68839.58229374196,3.241619815805983,73.55771200433514
48.47697285212187,48116.67919384196,11.00790452032173,51.182858850319874
34.53524163742349,59697.81287311012,9.181466360979607,48.12962225478165
34.516992511835504,66330.63659394102,12.910525247703578,62.13002388141237
46.04770413215123,85455.10511956853,6.7047723461123425,39.049682502545224
40.07603856971214,51702.65050089357,8.142631155250205,70.32437146599922
46.87356057831582,76712.48863227136,5.480424225882654,39.16015282109735
40.02109602106886,81793.83712366811,6.9871283095172405,39.249178152652206
29.900183669007106,57456.14833910516,6.454054011795343,41.354653173874986
28.668101516555353,61669.836573677196,12.987921036539337,66.39250056274183
27.139414256587497,52564.28903151475,7.905214453745823,45.748369577204386
42.63436284330931,62558.46630703634,10.37252705423384,34.78006323449247
46.32017776160906,64560.92030788483,8.857709788414587,45.91480000096303
50.94553498970467,72915.79997698845,6.191604201961561,54.519364439792696
43.90173732626268,78082.20165224536,9.495098730485072,37.285412745034215
46.1398700427449,56022.84722454024,11.797309995590783,37.72478336448485
33.93988567142421,41392.09922928807,6.376721822369943,86.66944501149376
29.905089282793003,64745.062648685096,12.427338372194136,42.091518942791694
43.950555326922874,68522.45035962369,7.450837235566912,50.1543644684049
40.923765265675804,67993.0122522205,8.551048221781478,49.49144498801071
38.75211062038625,61079.92102989147,11.592049369030143,48.67964788344337
40.71160036443093,66497.02519596722,8.009691528341536,64.32020109953653
40.26229837720744,83185.33770022697,10.112724578007597,69.22214425708074
46.986718018974926,69580.8100275501,9.055927513635723,50.41068352702612
47.064899093718694,60519.57889996299,10.388104020111456,36.45282570111476
41.80954246638243,58997.62619484805,2.857782683429509,74.11660341773356
43.92062010794049,62961.77170786723,4.510954554375751,53.56988363204976
41.598437866973434,84640.87954196768,11.847901018140515,80.95482722285753
34.77181187575767,62800.391485685635,13.11154421694715,21.31621153652256
43.29595272439198,64762.4678657515,7.268539889405436,57.931048319249804
28.23853451798517,59212.23714876437,9.267914943486597,83.77909500814312
45.37724086607118,78187.80028930357,10.884157758706905,49.70103796842763
29.638339421637752,88518.0470569361,12.079652804976114,51.61759864998046
40.00062300756313,70407.35659317666,3.9169681849874536,59.43267537385508
32.08392229101689,65993.27484542511,7.341879259064869,46.61806271672564
41.87372288152099,65441.39399809082,9.002261860450375,50.31892101920901
37.762523418504635,36388.31853457105,12.109420591708147,49.932773587128956
26.836708292856674,73941.81037141781,17.495291451164483,45.5886889836044
40.944897417129354,66609.99699195012,9.315982819570847,73.43284825300839
33.954554562171026,70140.1046079287,5.779067613688033,61.916170484446525
44.168027045693584,56462.45367099554,11.206804231603893,58.75942348154953
38.00927982114085,60386.5174522749,13.96298736862213,67.12856510335175
40.767946897716264,60067.700761961925,10.324042362938503,51.034662501948
31.297017314893516,77259.47580887646,7.280054364537122,43.38694272470649
33.874674380008464,60454.88196076288,12.873981824440058,45.960635430781636
34.78952954729241,89991.92386531757,11.990636855495305,55.02674561656913
43.99691736169789,70170.34902818046,6.921757467413126,39.11182437440647
49.74163961463842,49691.808080051225,11.144276852603026,47.49608475119987
32.363797737799864,63457.44448097652,12.991796702976618,47.25825037192848
45.53793701260376,57179.898534123015,13.545670127676681,86.86834344743521
22.812258075920084,38667.41036215971,9.800653074071633,13.392775900991246
29.640674192353977,84193.65128136547,8.925761661462044,52.3057041789155
31.288550806692577,73437.71050664005,13.681821466243788,80.88540689222157
28.532439173914945,71398.48781479175,6.369518491057345,56.82766696198681
26.91488127148694,66984.84392359645,11.315737872763016,66.3012621013164
40.89099238496458,48415.78917569075,5.889920117906712,56.497394726496516
36.50152611590497,59196.59432533476,13.196128816778808,44.989999281752795
40.65583778323577,75101.36929740815,9.225863453166516,21.3712609823663
42.83330880285059,52385.35964260997,13.805749706942407,58.081835305544544
39.85931895220774,34618.768204990236,11.47423826906658,43.36590093096413
42.60434223305262,62274.72790662889,6.33033930981421,42.994968907520445
37.513273996304115,63298.909351669536,14.27388319623173,47.51519116031332
29.691046281859787,66626.7609969765,14.653735799283188,81.17292109935241
45.40469926574557,73742.22372217443,12.646859477797648,91.0725631338096
33.87621507053211,72651.2697467745,7.715236404891341,58.25811906292601
31.45082590866302,68105.23766292706,9.081958136927774,48.02849164132408
36.754574869369215,79346.37665704051,10.436281652217279,37.34160373823184
31.610323564924407,46772.362630240226,7.8888688020057,62.02810242319104
35.07798732607397,71054.98177372868,15.077039717389614,81.74358400097717
40.408377450944265,72518.4603600433,10.43297941517811,51.28989419462265
40.438392174722885,50125.252567037125,1.8899558586779293,19.315059388701634
31.715189535020595,46965.55269581133,11.01806743826866,65.05074507723286
34.58606238935879,56048.69448229278,8.95552780954806,69.78099567175074
45.520331033391706,57061.502689816494,9.775220331644656,31.21231539421229
41.47480082413759,74041.03356202917,8.8941419026429,57.64726275494429
52.525455275439796,57625.534595706864,12.421139249820062,61.768390242041484
46.26089721619069,54723.817780625555,13.359063335660144,53.903390469865926
46.010051479919575,57660.39515966529,10.849159486775962,43.13843621371969
28.284920146809387,78423.58800985054,8.982066438585523,70.23905835345334
43.34702246143396,65156.52049252343,9.875988385572489,48.94930381046976
37.62825238812162,62848.987695717056,10.058798849732884,32.722207559501015
34.143127375232254,63679.93401558738,7.59270988040549,24.257882714954786
39.1761073837277,80504.72401191827,11.736785945713704,73.91274279998964
44.61648074228039,56009.9392807611,11.380126971581399,64.24995964706677
41.50582113702948,80786.09949128125,14.62132371933002,56.319603206937536
31.85068339060558,67525.95558705804,13.766049340865425,48.39588044723795
43.19721239514834,63074.967416295825,7.94297524722961,47.06502378695309
33.536887205468254,95010.80597521138,12.460895123526894,38.863950273375835
39.516781832750006,52332.326122416845,7.147139850716585,48.52816533160173
35.87654952766006,60755.770885195925,12.08779630282255,23.198691773197385
36.46793623785062,50210.825130032,8.450157403719677,43.95904519797229
43.363700825283566,76429.54364643403,6.9302403298732465,50.335937254733594
30.718643961288713,85270.26720382014,10.840136028092214,64.14820070785629
51.61636551993853,85039.07337685567,1.9762986155375781,54.401103049399545
25.252397514938526,79687.38503775206,4.747073276784316,66.92384670813338
33.816326217216,62628.55438644841,9.46752434867715,75.23702657670144
40.591483229592185,60617.10827012184,10.247325299904528,70.87255140736153
42.09019916504717,44945.962730071216,8.892043689525433,62.05764771067835
37.29666995599806,89430.48242218152,5.261691103847204,55.17794018771176
37.5982650789892,70627.7369377816,7.546324473584484,40.28817987379661
40.87385059729331,59096.517141566204,11.173627981712182,66.09916077068975
36.38251365779624,80936.6826678436,11.745345311885087,80.19621073332294
47.75226880554434,53326.82579887999,9.951330647212176,60.131590594756275
43.875443799621216,69879.4644106721,13.470501343110968,83.75888722639185
44.109770457039446,62928.450388509984,11.192191070377703,32.11642437908374
31.23690293640708,72664.1256785636,7.7576330381253635,37.68754922830688
37.44428102916008,64237.11752976654,9.158493839765148,67.82802261622393
35.896738358955076,47588.865306665306,5.791401528376436,58.96435315229876
30.96079037017374,65906.91647204045,9.67558302882575,74.70673264857712
40.52114928762037,77586.36970250435,13.336301857664015,54.767925389098906
34.236479695541284,64649.40312975218,12.055870254132904,41.98036866207502
42.58782680895166,74301.38145906903,14.206027977757365,51.79610136692436
30.508659059739678,52453.646171911365,9.09134426860302,32.009740436143986
50.03328428989275,64684.870480761776,14.038299383542773,38.07113990354448
31.725671389855567,57505.874538937074,9.42008732065609,69.58665996877015
39.53511636040305,73963.77008125652,14.414755247709682,68.09181121704415
43.54301517271647,65377.89874714395,9.934429757673628,60.44506427209115
34.00551698859921,73280.88411603935,12.12169412141283,29.18383718559296
43.967280504030654,78052.5251138944,14.425337092929567,49.62394636730667
29.395714815397085,73299.42290145667,9.419717114256382,36.62500167009924
48.16482389427792,68277.42121152373,10.655166962632522,72.64799880681647
38.09904485476031,53021.452897863135,13.866590275618908,46.24416799656098
33.82512014421784,64966.566671997185,9.60099050820981,38.71378433827676
35.90572759300796,58602.915175810005,6.037323152481517,55.44694247682137
43.662434885749036,60871.23251954928,16.42902116375473,45.39768314748082
33.90881295704693,60505.59019099699,8.59070660698859,77.2561586530556
32.754496174040554,53240.89310261307,10.47626815281263,43.97783653698714
36.449243816913835,41511.93693039213,13.468020008353381,34.01157611163053
29.761265210610222,56982.2834200668,8.174518288806395,22.706297263637268
50.74380735559271,67320.5534230899,6.976396260333609,54.538202463798775
34.03523786149694,48821.87545487012,10.7612118903245,46.5710482921311
43.821317503262826,65188.186837659494,4.620770806262831,33.5664309023241
39.46629058553441,87803.22109173157,9.13628176939624,72.83839691883678
31.108261646626225,77276.67866302688,10.735115992946218,65.00867721143862
37.958317035510895,84722.49810944634,9.190144309524507,54.57673181594156
43.488019455175234,69693.53452319272,5.369647170442759,75.464893662563
36.682170654395854,79010.11787583736,14.782533868612036,64.9380405009792
46.351790620957196,56312.42323438655,10.310614461847527,42.65716147722351
45.150607749473046,57267.91679573619,14.293456353285222,39.411697540138505
44.43240398260831,32130.31752635033,9.219891249458666,67.26972316680792
34.78240259408902,79233.7456885076,7.359964054927708,60.945504347010264
30.44110286552959,83483.88775783863,10.807542760765479,57.54621651955993
33.70488676246044,58361.87305583276,9.352638621015341,42.30253295696639
39.37368658466704,61952.57952323318,6.466715626025926,64.11921350508631
41.820506994726486,55953.65463570846,14.409352776362487,43.667516752990764
22.79900016667687,69591.8426177299,8.133189331318011,53.47020018109483
37.94320758871775,78499.19054363889,4.479200845613295,76.7041621958047
39.10662457726229,44086.73631342751,13.984498161871999,45.087486462847814
36.05719020579114,69913.26236770702,8.48710595256213,31.405161143907087
47.03891687311115,61679.93873937026,8.176528322153127,39.21179212194834
40.952460519756094,66360.73270360027,4.7038372389100775,69.91448240031434
47.17134335656628,70507.9280200915,15.222824459790973,58.82096706070314
36.48827635754837,62741.57073472615,6.131558238370937,53.066839319668695
44.562342447548474,63756.95775913063,10.175348442116949,47.36359292032646
49.445464761692634,62433.49798934433,12.737860967621321,62.28039861329785
47.18185414490863,76643.79442145937,11.265150799009291,42.26342723514665
30.355008845998867,70025.11952152995,9.821037064023425,59.58498352963894
36.22426745720333,67647.00245284833,4.8950024251377515,44.031181467805645
35.58384706185142,49748.579346892606,7.570825492698148,41.53510922087419
41.42478174553429,60457.04308144215,10.563401014127566,45.437688477624825
42.80447488510173,75784.02992407008,7.638477790039011,49.36888830274057
32.12775128181985,65452.35887748707,10.610078379996303,54.26755246099445
38.47486959741856,72914.37763506966,12.045230226445426,58.53183692666671
23.860508674907045,86198.14160393161,12.887508657400305,-0.3254793714266597
48.09361504061323,77463.2728305058,6.32146192656195,42.88524163379853
34.41338031526315,66117.9000523969,16.58993816493686,49.126450339659414
38.391047578911476,58868.129957651276,12.30243803366239,77.57593057912496
35.83245200208357,34357.40484732922,9.994857538992807,38.79996087426802
46.022193025093905,62979.38093032577,13.268609749229922,57.441949271498686
18.13745491021835,61087.85005019781,17.09622331599992,77.42545464603756
37.88372760371864,69684.3943327445,5.683839696829391,35.30547205079091
37.25926869751611,63153.13727630375,9.324212072525938,60.90962838796604
34.82454528685822,61155.37928675847,2.864705020380015,42.965922490982194
50.083585819449425,43647.21283391335,10.577954597944075,47.43049386566148
31.788693788009603,53720.3860501992,11.096182725775423,42.95333749070028
43.40257324064963,70719.81248960669,9.882513653671722,44.022140373761715
40.493769520942585,85590.89157359234,8.03639928700507,95.8286822185974
46.83063476774861,63829.69539505252,3.8514564514350242,67.66683808107499
33.32967640655746,68933.73288288948,11.120601050235306,71.52606792679313
32.86921770613369,76429.73788343367,14.366303451745974,62.37990230254744
45.67248935234179,55269.272765597,8.226944632799704,30.906148173970628
40.97724915831077,69401.76851942531,11.320179787069435,60.924369554849605
27.18543857326269,56114.1187240141,5.295567059739849,71.0939442176102
34.224864898757104,75377.89326189214,11.371639191077541,42.19900788941333
40.70467857693643,66816.83657542079,8.819853106766029,69.4799000074169
43.86434955082613,68581.42176777728,7.712746148191257,65.56504314781118
33.24538542764932,55608.81683097693,7.718909076351609,82.78060067220505
17.60020807128141,73484.38831532942,8.81916525390097,48.73325481229572
41.66256230015923,90016.5550547722,11.147299947077606,38.535835265864094
29.45775517039217,52905.05965486153,6.063510396413447,49.575578359411814
23.87862841314312,60922.891908229714,8.808654005296441,76.53356489745435
18.173718525111013,67779.2896900171,9.875584666002556,27.573911787370555
43.697866021384186,74436.8745439498,6.702882326404422,23.974364268534515
38.90032215283477,58285.44457652637,15.389995605025051,56.3409291839742
36.42040533501424,31003.636518287123,7.439513559815975,48.36116060838766
47.72317054073933,81310.2739299683,7.9916892590995285,55.11591839763527
42.46127278116151,74126.07343500972,7.065076150532507,69.17967656853799
49.314100299053415,44084.629634160025,15.395440261414352,46.711459808217214
28.250851694831027,57709.17449864533,11.658715685798445,26.90491253604069
37.758145632322254,83818.1891543279,7.190223981269074,85.66722335799916
26.683006375363902,82373.55702149439,13.318694676579906,40.04157568841836
36.39432367701173,76263.68027214734,10.602096082866634,39.114443169818536
36.25968902363326,62886.65079248165,10.771760263334505,71.55580020583895
42.386295460841495,65995.84902575013,8.966568373742643,49.23266318437723
38.31894716799329,63428.89033848648,7.75175203912908,54.04915221947784
42.36384996795941,78538.87739922605,11.013298297163804,62.24185186090477
42.924080931972256,54489.891122058674,8.364738310013228,71.25374654664994
53.08450074168199,55330.40414138955,15.450266888725313,49.998089602273424
35.792923412997126,77123.29504203219,6.192126684270687,77.79928008871448
31.412841095335345,64467.66253386126,14.608470318564835,22.963002268977917
39.722585307214864,81541.6082654457,9.666043453606598,66.39680855429616
32.3840398100232,56941.85351623345,10.897257202063317,42.40708662973514
48.37372537905575,64342.6596759341,12.499473299888304,75.58406974911986
36.017473727383376,53931.04418187256,8.109252114986692,57.130667182458176
34.04096542488207,65088.35217708281,12.59274515409591,44.90642001985898
34.70078995194218,47257.43675601442,1.8773684338564678,64.94261639532449
43.02892196430149,59148.398948540445,7.840031400334182,68.39782520810877
36.8957711173796,47764.95362086259,7.227811577976803,64.62841184287957
33.508332259087325,73327.0787982951,6.239481962884716,39.554556405504094
49.65746342336472,73599.07207711582,9.355135485763146,47.739743145668726
32.00681111536775,44236.84723418786,11.157249904545084,54.93890744317847
38.248962518230954,81006.62894600688,12.107979995497917,54.381105210249096
42.56614306127161,94968.98151703825,10.722630271601222,66.24618213157521
26.580654227080487,65552.0766408361,8.00291960531936,24.776481512400878
41.36182350984147,57306.62887730426,11.107049313475502,60.01490581830255
30.614246271636855,98891.96709203656,10.372857084552551,50.6502796834504
43.75947946583802,49172.37802036987,12.808168503808048,42.42249075424071
31.261442916567166,65241.27760242918,12.33081010879455,43.86269833345601
42.84938322294202,67155.46727158308,10.091429241761887,51.78193503223055
45.74083146406299,81141.77144542898,7.30824098151623,0.9837234331072295
44.03005567942964,69316.86770152146,8.041149532503757,44.48065643812675
39.75921653766672,59016.39325053858,8.350631921085899,41.8627776303056
36.3808933994921,53585.78755534453,9.054200998251233,62.991748139839366
33.965062965656095,60898.13815704637,10.80415128276926,42.91709976234219
48.29724283571973,52916.87166865827,12.145523170384175,51.77329299744265
33.1035334588265,65573.90383741619,9.846643920953866,78.13414941491953
30.740537485010027,58229.64584167416,10.048374363701416,69.91527279723135
42.65758254522981,47071.54648052299,10.42991891500001,68.5340709991518
32.427042377694534,80061.74946049885,8.452284060602981,47.501913543837226
31.34955551773711,59027.92971885153,7.223823227071132,63.145484189344785
27.894770164811646,49782.35834029625,4.73368630806787,51.49153299319609
34.61963112377638,62980.8903861495,7.914551925769382,52.058601839845934
37.420994832724546,65820.4587916119,11.419436359803361,61.14528015619825
39.70164209362489,44042.399293051596,7.891265685881297,46.04509617368601
44.65914371009639,68979.77200550915,9.28657888772218,77.39504656664805
41.688285465660556,52434.109175716825,11.39929386223695,52.59804790603094
36.66389446312774,85532.34571028946,11.562068489268006,64.27540849389497
36.61263026534196,71287.52614492082,6.761401443501883,76.83400718885947
41.57110228240629,60201.200118688204,12.991178069360924,70.47480661862762
46.90799114049999,56057.98675619179,13.382050268066456,33.866213459642125
38.8841993963824,63740.38750923651,6.61045042834432,61.67343842514826
34.716084020527134,72353.48889899948,7.528489391076538,67.7607909169097
31.049937992401183,64694.070456977606,13.573272049438575,68.37794533241123
27.883563149114423,62394.09431435772,9.559439436234097,38.30057748828053
42.66388770430466,65700.44348981474,3.3406661576444474,45.14447144474014
42.0458496654769,57753.69282515654,5.800955485801941,69.91837353612432
42.04154467574663,60881.528877883546,9.251891124482556,43.57359443976031
37.09938387553561,39970.49073313995,6.510872049146195,50.504559150035284
47.84854322124225,76684.71477022841,8.759728688090675,78.63813714252954
34.611170537906276,68585.57336386114,10.097188641050737,54.283011244228156
44.68688466045044,55718.52987159884,14.386763812104187,44.09838793249236
37.728799735073196,87784.81977626287,9.128638251316634,41.83573964705642
33.74154464724464,66044.19776470863,13.217625398718276,59.99078994377782
42.147712151224326,52566.277136297635,14.28628048611031,35.00277987284187
40.867452830787954,75280.84905764551,14.302929008056228,51.289960541553725
40.49880931486848,69776.57859811115,10.854263780156705,59.99845802485033
38.56894895439339,69734.95982581063,4.1101325564830775,74.48724730821502
37.73474842798218,59890.932744180915,11.382474596211596,65.01322120554994
54.71860395009307,70405.94868533642,13.145199663440623,44.28902323026732
46.28979651637321,61858.90051734687,9.756798683693749,72.6762897634558
43.059788264898586,71671.2974197501,15.233751610225745,50.50727443678784
38.78259410742372,42140.66655187233,12.579500684402372,36.46445466925887
45.05010040417668,59793.518444249734,11.704820131458353,52.41937961101791
41.625963434740164,85665.86117369833,13.259142133617514,76.57253801718554
38.18343326941825,55795.190535196394,11.000109553782634,57.478600750973875
35.875049723138595,57753.94043008176,2.52156850181394,55.1878279649468
37.43357863636118,59624.4639386003,8.502583145588904,79.5581746705428
15.80701984885361,50422.32636933628,13.591504081743562,33.52967729418359
39.47420587508349,38500.63068526097,7.577225979705112,35.71601328920842
34.58066743922748,62232.96321771665,9.329582484289183,30.76230293549752
49.14868998798019,66630.31308897988,6.865491058290786,60.58972279720083
38.13540849568228,64369.93917753617,15.351767785605308,57.49739690672687
29.677256063255268,63261.457256625356,15.044477372254047,78.14104550919664
37.65083892110317,65516.49045020465,7.348393314577812,58.652126157051555
30.67715240456247,77274.09765860917,10.441894001167253,48.93764260781046
41.313851909987264,62714.6457688494,7.958517856707857,55.026923093171604
40.0366315503764,58111.009074952766,11.844833917094135,56.76561127691437
44.70487741775787,61626.49418134296,11.529049231726987,29.923580900077493
32.46382745813804,71952.16111708131,12.435116714839797,95.65497466502339
38.23805667359703,81944.32254251899,10.995755343123662,62.79806527152867
28.444847432013553,57462.27512996986,18.806218619165406,58.150124620338836
42.910463473473,66187.2054443466,6.916228704967783,64.2274597641787
41.632098263080856,69060.28930323152,4.868189936690458,65.64116470879907
41.47063514719299,53089.06391925413,8.820729397895615,52.89169771746352
38.01133321949859,65245.00600655502,5.296035203319198,45.53138295638949
40.903410235521534,47411.91371189486,5.522613189982021,63.99176029482556
49.23037375816017,43771.39635512722,6.996056037406099,60.78566260797179
36.004340200705904,69400.95689470708,7.233433283705118,42.85164851365888
38.97051628597059,60393.503104030606,7.136145694149819,76.28553417050895
30.397115905730132,67427.36489145464,11.554656851336235,59.40028054484475
31.922173268811676,64785.2602758998,8.481432816743991,65.94729043401446
38.68469305165315,53283.19941603443,9.46145627538256,75.87881331519878
45.72753482691335,64456.948376427965,12.682698323502805,55.32833231747252
36.20603423023899,50202.78433982174,7.701032425655721,59.75428010476173
36.34858429481513,81691.66829601681,9.206362303885834,67.15040857759175
35.15180328846938,48728.35586168044,11.097279958278747,44.12708374299922
34.25670330408974,62650.576748377025,4.175296598139337,55.81077494269002
40.06480018996175,52492.74094343302,2.8452834731482533,56.883228799767224
27.51919648374949,71845.05408032954,11.038351986393169,40.659121724749085
46.96657703666709,61022.82354462196,11.476042841700696,89.76455183010818
33.342043913093775,58775.99936454548,16.19266040455723,33.89059834761396
43.05332439806699,75238.41854061866,10.47428462760043,35.52844144469263
29.11000981824287,65353.167100130624,12.459219151774285,74.71339863555369
42.68188091382353,71199.73335123161,9.413582069242079,65.69899376194813
42.70361225470148,53224.08876179042,10.891681664755259,39.61052773778833
40.689414504041274,48142.19667286992,15.001770525248602,64.10933522652539
31.039000347401455,66286.4955444816,3.6280215456230938,77.01775667495964
39.74683732718654,61173.84373406322,11.240848772715042,54.546054136045214
29.718606706859276,72517.21606944733,16.4067601902321,93.98234350111873
36.230657214326705,64041.098568049405,10.846102657628027,29.13907283697947
45.20589170668728,67460.90407081557,14.951718889698544,65.40735180788653
43.5769134894952,45519.40964070508,8.112363551411672,72.49792504331505
38.106280597783034,87661.24327537107,9.90385751750886,68.3701585240787
31.176353968540106,63029.09617961562,10.100574107165762,51.934664100315274
42.519113985219356,73371.04364407039,3.3472267619236877,50.64337776983276
38.13566866388618,54966.89995736448,6.495466516449399,61.66217756630886
21.757790812387036,68696.11882660809,6.709374761848042,67.23631729978104
43.478408784215624,49365.862837703055,12.466198234097583,64.03710154423545
37.83037016291215,70424.81405911605,12.616459317052165,70.60086836190084
46.41715873588151,60728.31098737001,10.9721093281196,39.71695064399897
30.333106368100367,65350.28604722681,12.472308690567118,51.58343531314548
15.763073307627995,73375.68836156117,9.507551761834678,40.89976101814369
39.9535870084163,50209.51626535664,13.60579500861863,49.208308358707875
40.04094573677381,56786.09923264643,10.026365327896215,70.22831337721458
26.16529860675484,70487.89137304119,10.173592142280269,56.61975881087843
31.150503178933754,90178.65769456097,9.203222100212766,94.10288744724654
57.28652420603931,63343.01198406222,12.053351432909285,57.90109550784575
35.860725700923375,72093.63341508718,8.73640355016126,55.895378208696044
43.11671283463351,63716.34236169824,12.929294131594204,56.59274379160325
33.44538120842132,88306.9471370756,6.60355257785198,45.43286960710096
23.367879708027903,44033.33999641694,6.703251235815419,54.132450814336096
36.80819227242866,66135.4525360323,12.062280265379513,71.91682040667469
36.140768077997265,45493.471597255266,9.734367356250962,56.70956002191659
35.2008523293214,34921.1411535594,8.638325751540615,43.09810405174793
37.19751415145525,68569.5446374138,12.67017319742638,41.12373069282047
39.849877901519456,66673.97355376951,8.178215757741746,48.24697162501235
36.94918134122335,61581.95674709359,9.399396237098891,56.107951516163205
29.151956824368455,63725.67091952296,14.197683850213478,72.90379803214392
41.403293540933575,102179.59320885509,14.617427037431952,34.89267037950345
24.354397712743037,61901.898343622786,14.717194630810981,50.202605831668656
23.647497799010598,71121.4923350009,9.153622669198267,57.164650291526186
43.17426346291097,57207.62216463343,13.69210871495341,27.494413485558482
41.5491419049475,68542.79090048723,7.153141516693966,42.49602575550391
37.598232444481745,62141.19589933259,7.279291375833817,44.80167190395721
28.231860466714494,60073.77820724324,2.9486324421269163,43.06044439224252
33.04462341528147,86826.7823864039,15.01860460569559,57.87834317532471
36.16077276619447,79126.21955821206,7.408060452771766,52.59160585747304
26.82874221998121,66640.95976879077,9.62040226075882,46.67070846098446
32.82679939383737,37349.456768672404,7.269026974215148,61.419439398289526
42.56631236723676,60667.88932096917,12.085495744990421,80.84612076469375
47.99113755002452,97436.33077286101,8.873099017847979,79.58884775112628
35.06395673139014,62232.0600003235,6.085549328701152,26.158423419064956
43.29541848021269,78238.6108646439,11.324987692558182,63.656082757527095
24.601579505887727,82303.3088234312,5.698809925569314,52.32965064904242
42.61615868779528,67627.5669902717,7.487782824053526,57.327330142980344
32.37236109690763,54898.14041758217,3.6793326561217574,49.02575449686177
40.15141931695579,35776.252018605344,5.728125663407179,56.76382944830803
36.265733072322035,73209.95850330745,10.535587509161434,57.27111094108028
47.24289806848684,55222.92796611742,4.106391885691226,46.315723639766155
31.878950461620573,67113.80542265231,5.5565628261348525,41.55448678262229
42.39324408293282,50002.15592492763,9.992893251601576,48.26956476070774
36.043447756924266,61817.149514357574,8.369179311720842,58.51388896685148
36.89186165393235,65404.62865881264,15.976109907877927,63.98494512526396
36.71302274788553,68223.12297253158,15.501689638073127,67.8002346601022
32.08028826854121,51622.13375177103,7.396232611746539,47.587149653996306
37.901307238653295,79362.93138513622,11.671412855210445,59.25766850954105
37.56146244514725,57837.26258321635,12.247847670638354,69.43753887929948
39.68868173884711,44906.36647456106,8.20756342592679,72.48392342716193
38.59153601985004,63691.71896043843,5.513375390505388,54.11750718802717
43.58596184728565,65412.50370831752,9.963104652075828,51.68602412590581
44.46456031233158,66927.07319806112,9.481462975557667,57.86686350754588
30.645636747205394,81345.58884422095,8.692706509088142,37.75438790653891
44.0814075041354,62162.613959169685,11.326950604493456,52.09585733446738
29.69564501023102,63564.564507574745,7.747811178983204,66.16879597709695
42.11499121696414,51761.78742520288,6.54400735726257,64.62920694165553
42.33817149292008,74846.64203465477,10.327248911049496,50.94598593454167
24.620781758362472,67211.70876893724,11.157910277706627,58.2657730163075
38.65085472570587,59959.66727247005,6.470065168299841,42.63024489563969
34.72052720647779,42143.90367841444,12.784271832973243,65.55238222337537
32.688643194452375,82332.94634066104,4.688556586671766,53.8326784579529
47.45596631489304,50267.84042652731,8.26565962385307,50.86072822455793
33.42424601553807,57904.66388756353,9.225974391407172,49.5741424585992
32.35536149617365,69300.13413291203,8.091328862044211,54.05659199650213
38.52986458003566,50641.30485659976,8.304818579346422,48.28183532602063
42.79912822408892,47077.88266096228,15.613223446924342,64.87214554003845
37.008459897929114,39512.629007592026,7.447347732883304,49.070746779757286
46.16459381968477,73651.96343486763,17.32366516741574,78.89446144041072
41.71682963374863,58457.76506328414,11.311380339193155,76.97815755222072
22.752520761879985,100127.24110967996,10.276165411935976,41.62684765218243
34.29373125545094,53067.73921242952,11.428721060162998,56.04556404143921
34.0671053045381,53942.58771885294,17.589783247755857,45.240150679957075
41.35552667400596,58215.28435657518,7.019220988205656,50.10028655217083
19.62628060538122,67917.61586166186,6.638746243190832,85.03641201467195
55.843067961024055,59357.55993457626,7.735401410284237,50.38642874326301
41.71718266425947,72347.98656803014,10.096429440893683,60.40339055616143
39.04213762742384,53256.939320136145,4.82268662556228,63.11981941012417
46.270974014934026,48420.899378437025,10.067017717955824,39.99055941275139
54.40557836968837,43421.42312709071,15.080641400241017,42.17356788386193
44.09522651211882,38317.10998475364,10.454222171874333,36.909664428878216
44.64169167530134,58783.17176629932,9.12194362307417,41.710438991533344
38.91483017125068,61388.236251281334,8.145518653949118,12.249548360242265
37.009319726431364,57422.7556702018,12.695535113654692,63.16873601190442
34.669431891965694,79920.86956624594,7.522501680285857,85.81290761884105
32.21721605799821,79736.36251529762,15.539187761797745,57.217311085547905
33.19090130210352,60982.36415066598,15.80007924314307,33.75596710989089
28.54610824959912,43472.94664169644,10.770252395985363,45.35835425650078
37.46889984520484,58199.53870333936,9.965454735770065,48.11684732462505
26.20732695941529,57802.143272995265,13.091979424724679,39.73622834179936
39.33641566900597,57114.3804526633,13.284395506681975,67.90273957592734
37.74568574370361,56627.373153221066,7.582024806821753,67.15390066563
39.028547088706816,57158.44525130231,8.420334600589895,37.668223092735104
34.34507900986005,60361.50060922688,6.032957695950113,65.87621566671262
59.53802259126353,57373.506814213324,11.227194815002171,77.90218995365898
47.52081130126219,67499.8701035071,11.999883650370672,83.5383730784434
29.288202499406943,69324.42459085834,5.950223086416181,97.97818034628943
39.63007661198829,54072.258953810124,8.634403285551523,41.47011025835204
33.74395699943874,80252.7839120844,5.958238247255952,97.36330639592805
30.898641913048102,53239.25237791263,7.303600569268488,49.68690417236817
28.619495502132455,45586.392634215954,11.653051180678899,46.11301816929229
41.025516835314775,69569.33685638061,7.799553799965162,59.90608562316768
33.23033835451298,55191.102387027924,9.097522131903103,46.269079988604815
44.77478216817643,68855.49764908866,5.1180648161580535,60.98566210969789
44.95647550171307,36155.97678679363,10.560970629173992,35.19884218394047
47.617400696480146,81709.47129779682,9.867180040466053,51.41871096904848
32.033292637481274,73067.52089648483,7.8131222499005135,74.28373351542518
41.32755927484407,46994.28141004398,9.432957106952578,54.14408062853266
42.4271795164961,47254.67451384457,10.540884641510333,57.12393680109824
34.68075277427224,85067.19084917034,7.555395553271968,62.12887907075967
32.597596298249876,56151.4411580245,5.5712123679946615,72.5599244397649
49.26664466043181,54989.78181520852,15.416723298060447,30.171629317158505
39.59247113012437,37807.3748702086,8.100181885869182,63.76786077756152
42.45177425498217,60790.66153278135,9.709719690439332,50.97791291137355
32.24546791720451,62267.36462197096,13.03251920506094,57.49956842967758
29.465008734344643,73585.91716123383,20.58716556271145,70.89925254643565
34.013851578555226,48211.058861786296,6.266540650333403,37.08720022882234
37.13185028827002,46756.55849311268,11.34948164117953,39.81033337835366
30.55045995227856,70411.55161731772,7.877343144117681,25.968550604292908
37.93108633944732,77080.76085472478,8.383629086269867,46.76261587354335
26.1804636835205,46146.1717865854,7.83936393697963,74.95648516568224
30.159668042710894,77978.16903559689,6.623035096598246,53.191192172897956
42.696378737938126,65450.502097841854,9.876125914646016,34.89812656517822
42.22653364194526,78101.66406889574,5.576491938855293,47.714818831374295
35.256862642291935,64157.3556617886,12.840422699535612,32.68207444764066
30.875649836461328,34732.66499014459,10.165008808100124,38.122208474032576
30.808175139317925,63176.39141220754,11.267304918704319,60.8322836539557
35.3871222784108,77721.72582405523,8.601434164161331,37.39190010540957
42.51162944151704,54275.04777099543,8.898388197364755,71.68951457804953
44.49771983941027,60344.42037311057,10.862691715501985,53.93319563754496
34.524277851626216,62886.39795738826,6.507848102782523,56.28392055916788
29.925553018106513,30205.833441578216,8.926028696759992,50.82440548588159
39.87490546506433,85056.17090524972,7.421159458364638,66.59271757815584
32.235255205619055,54183.4918412339,7.328293568226957,66.74739831665516
34.372231527971586,71068.82518967359,3.670485278123076,60.02581527868257
47.27693263305926,63959.5863662215,14.01797976844,63.47183658861472
43.789807999960374,80091.42867631232,7.940383740538693,51.818654951193615
39.10582018576016,69872.67346913696,13.49012816549065,63.13304510363573
29.09656699221094,62180.9087417483,13.206376964182876,49.9318333678929
39.47977597229461,54277.818889768634,6.142000880450519,55.03347433243603
45.43860103551268,74574.20841658566,6.734766292981463,50.880343759505536
35.37056433964125,42518.7043525446,17.68150887806705,48.14172191021206
47.457798629907,72750.68504331072,15.25277782578143,44.663323034173146
47.049217026627446,51811.46298134153,9.905444460015687,62.015351557883285
49.646129825004316,80027.40394347967,10.772119319252049,74.65908869220195
40.13670188571947,66935.59451195234,8.107460791158434,72.56652957504339
42.11174189864209,72729.4852142013,11.29705814260102,36.15151996081847
47.89931101831763,65983.86576589663,7.8484542978325855,74.3380457711031
41.13175755948283,43971.474858308036,3.9029387071048465,50.22762247573107
34.49136124546851,54671.25003925594,6.035332640466847,64.01099522718387
34.86020014430497,73068.67205133659,10.063278243551762,41.406770019291834
39.669884676416174,66999.86980831812,6.606798293492237,57.12969870811008
28.96607004637647,79171.87886366807,9.798167605259396,59.7058477434536
36.99718759245065,69839.29475644606,6.776016881701411,32.73092812120521
45.67582982761178,53399.57731156808,7.652938232494019,64.12400749516284
22.661223041843034,55447.23034735239,12.559495919239575,75.18902511757473
48.74137471256161,66235.00868627884,10.742441642920314,52.38028081477558
45.85661953092212,37231.47120799874,9.971006736059959,75.4025219624202
34.78164768918666,85081.30262747582,12.636891919211953,52.15459759821389
41.80373579510267,70300.96083653069,11.441825780042041,67.74376796569926
38.022034088344284,79724.41516458646,14.339689873754104,21.721450510733504
46.60993257907078,46032.75271028998,8.62042221305458,91.28166668970195
44.87878199938959,79934.78192426306,8.711095064417474,77.43187367864435
28.199504937718935,91777.98693233298,6.096672200825964,50.73061743619482
42.11083689424924,49149.45973547219,8.713057847882741,25.41866460034273
36.560605024497264,74256.8215388452,12.894309682907338,59.32042552458234
38.5798279936267,65013.31933624752,13.899962116786401,33.34111679389365
32.90279669321129,46466.79382102107,12.880915504260004,61.67280306336232
50.23695948384585,70914.60766222244,4.617424400351691,61.17348578746423
45.28043273931803,75003.23845804817,13.249435637982202,40.87895246496963
32.82160185218923,57786.481367973836,4.484444130183788,71.81450535421567
28.65772575162837,78990.99824306267,12.694351972367041,67.0836205420926
35.300291583155065,44998.83911852963,8.896646420286835,69.63735005932845
41.04151852263914,47062.92624260427,12.107599941801567,55.13286555503343
39.68144090762356,66639.16874706502,6.002654956316302,33.767138996294406
46.77192977337771,65304.62333566726,13.513502898118439,69.66808408316706
43.52943805526596,56401.11813891074,5.605075761685333,50.944429012963134
44.78698318027035,74715.13323166264,7.994635267440467,34.153297852109965
40.28798780427306,71370.73177059139,7.005716116692894,75.2805904896149
28.27490888852307,75297.66885120819,4.737145441532503,86.49111280753763
36.63011028197169,63522.36277577279,10.283582702765406,54.38127806531195
45.42062817936066,72230.96321574009,15.418267353510885,87.38681731904938
37.63933950032748,59652.19636364007,18.000715666960026,56.36972092917024
41.52163258036623,89645.82428103915,10.291467361258743,49.293161437504736
35.768761793277065,55249.45075853617,13.350043825202567,45.54312318721784
30.791317060207085,90263.56915349975,10.696283913785612,79.55623611989114
37.13659155167723,65418.655365072904,11.496649584304638,43.29784177918342
40.163332101228576,48493.86932517509,8.973554046618283,66.0290396496248
33.41018596376989,81416.95220586321,10.585230776267807,46.612542474111876
36.35002128600332,66510.81666073951,11.612436113819285,48.095398561384556
31.42375730609812,75213.48918056286,8.264620813371007,70.4537454095435
45.83471442294867,79686.27102251112,9.767517100321037,49.2994473056597
35.938809696883766,69055.46664974031,9.824709643007536,48.928069308695605
48.16928881588328,57893.10986224622,12.479209951991574,71.9920704576221
48.70123495378636,76708.560532031,6.801903485116958,78.96095939832435
37.432678246947795,65009.06608945515,9.845373374177045,64.6703470492635
30.94085887216855,73230.29382330104,15.736016407158093,45.17845336564076
23.39871485586664,39155.233114502465,13.492180457757811,47.34087251053631
27.69574048881246,70363.78060411822,14.047537146666116,56.19872895610056
28.383156225709378,57336.97009825964,10.073295520534103,59.813950928884864
47.649287392230534,84839.71564614237,10.96299269105807,40.182011347903426
38.81077211058862,72477.04817466914,13.006708500108775,65.84556909369796
40.72723166864392,67878.29295019156,14.680766588592792,56.282699944593986
22.45705293745412,70835.71992020265,4.14519126135134,29.264375220428057
29.61423499547917,53018.70976547938,6.053676078850463,41.06610276308904
44.20955843512401,84479.08028633666,13.928332304207943,47.43806989522504
40.0074187866781,88896.44502100286,9.16933193269359,53.90713466738417
36.96956304920082,69714.9621265786,7.9848376322257675,83.33918193255994
41.953896510200856,84084.84282288366,6.237517039013189,58.572569592094425
49.4505846429507,58170.22161592959,8.334949895367672,42.38842165152062
36.452702755240644,55434.63720530023,5.792892149728526,58.309462064607445
38.485588618606485,65491.09698474708,16.27328281819743,49.71868378819178
39.34817843111914,70219.29246041478,9.93269184405828,59.87137359300313
54.74476744691795,60272.159825082555,9.826148374711847,63.70851530553422
23.30450614906682,71453.2182844218,11.764230025503496,73.13845970835908
42.78256110352166,68676.67378488097,12.887035507799709,54.63570256494961
37.19638425868656,53020.31869650734,12.837664469663917,79.5844079139975
41.96740208328926,71225.51620942066,13.220865831722715,68.62033993804286
33.39839212203693,75362.33891025826,8.10746334762743,44.38840682781718
37.65724478399085,67057.63181108469,9.106399585129417,88.14783498622697
42.97987405625847,78831.77723914031,12.307094966326826,59.90491769905147
59.790371407306885,50391.15447803658,8.417832815081141,42.47313244041647
43.656253325814504,70615.40506558222,9.984680103918325,79.79369576845633
32.06354081378644,50956.6315232387,11.196291293274443,86.16666377797667
